<?xml version="1.0" encoding="UTF-8"?>
<project-private xmlns="http://www.netbeans.org/ns/project-private/1">
    <editor-bookmarks xmlns="http://www.netbeans.org/ns/editor-bookmarks/2" lastBookmarkId="0"/>
    <open-files xmlns="http://www.netbeans.org/ns/projectui-open-files/2">
        <group>
            <file>file:/C:/Users/Weinberger/Desktop/iskola/webprogramozás/csoportmunka/DPD%20KFT/public_html/Rhythm_and_blues.html</file>
            <file>file:/C:/Users/Weinberger/Desktop/iskola/webprogramozás/csoportmunka/DPD%20KFT/public_html/index.html</file>
            <file>file:/C:/Users/Weinberger/Desktop/iskola/webprogramozás/csoportmunka/DPD%20KFT/public_html/rap_hiphop.html</file>
            <file>file:/C:/Users/Weinberger/Desktop/iskola/webprogramozás/csoportmunka/DPD%20KFT/public_html/stilus.css</file>
            <file>file:/C:/Users/Weinberger/Desktop/iskola/webprogramozás/csoportmunka/DPD%20KFT/public_html/rock_and_roll.html</file>
        </group>
    </open-files>
</project-private>
